tour,percent,rows,base,slope,kappa,markov_accuracy,serve_shrink_accuracy,trace_accuracy,markov_val_logloss,serve_shrink_val_logloss,trace_val_logloss,symmetric_p,symmetric_accuracy,hgbm_accuracy
ATP,0,4172,0.59,0.00013,40,0.6831275720164609,0.6831275720164609,0.7037037037037037,0.5102430049474482,0.5102430049474482,0.5146183094762414,,,
WTA,0,3724,0.59,9e-05,40,0.7163561076604554,0.7163561076604554,0.7101449275362319,0.6120455628038133,0.6120455628038133,0.6161082840244309,,,
ATP,5,4172,0.59,0.00013,160,0.6975308641975309,0.720164609053498,0.7160493827160493,0.4948793164501965,0.4894161010003653,0.4933961439528162,0.6,0.5755102040816327,0.5979591836734693
WTA,5,3724,0.62,9e-05,320,0.7412008281573499,0.7370600414078675,0.7308488612836439,0.6007764026146198,0.6000729947051489,0.582018951984272,0.6,0.5649484536082474,0.5649484536082474
ATP,10,4172,0.65,0.00018,160,0.7016460905349794,0.7098765432098766,0.720164609053498,0.4744023572150386,0.4626295790758745,0.484047622631562,0.6,0.5857142857142857,0.6204081632653061
WTA,10,3724,0.65,0.00013,320,0.7474120082815735,0.7412008281573499,0.7763975155279503,0.5783884047751443,0.5756811143430156,0.5573856934984507,0.6,0.6144329896907217,0.6164948453608248
ATP,15,4172,0.65,0.00018,160,0.7139917695473251,0.7386831275720165,0.7139917695473251,0.4683864317044995,0.4618796148851202,0.4599562131786044,0.65,0.6448979591836734,0.6387755102040816
WTA,15,3724,0.59,9e-05,320,0.7329192546583851,0.7246376811594203,0.7474120082815735,0.5861224912788936,0.5847421758140099,0.5637030459021112,0.65,0.6268041237113402,0.6536082474226804
ATP,20,4172,0.65,0.00018,160,0.7304526748971193,0.7386831275720165,0.7407407407407407,0.4550372220770121,0.4472737038069401,0.4445708440128724,0.65,0.6632653061224489,0.7142857142857143
WTA,20,3724,0.59,9e-05,640,0.7412008281573499,0.7329192546583851,0.7474120082815735,0.578417255395707,0.5782872818571687,0.5376609499299836,0.65,0.6412371134020619,0.6721649484536083
ATP,25,4172,0.65,0.00018,320,0.7510288065843621,0.7510288065843621,0.7592592592592593,0.4738694701643259,0.4688490304045798,0.4298852197548898,0.65,0.6836734693877551,0.7061224489795919
WTA,25,3724,0.65,0.00013,320,0.7619047619047619,0.7619047619047619,0.7681159420289855,0.5587501734985849,0.5570844421599812,0.5169473649976223,0.65,0.6824742268041237,0.6824742268041237
ATP,30,4172,0.65,0.00018,320,0.757201646090535,0.7592592592592593,0.7530864197530864,0.4585241751267013,0.4530973193606101,0.418474645551894,0.6,0.710204081632653,0.7224489795918367
WTA,30,3724,0.65,0.00013,320,0.7763975155279503,0.7660455486542443,0.7556935817805382,0.5654795895724231,0.5638817498135348,0.4588361218468171,0.65,0.6907216494845361,0.6948453608247422
ATP,35,4172,0.65,0.00018,320,0.7757201646090535,0.7674897119341564,0.779835390946502,0.4350969829426011,0.4306078630886485,0.3890728894783779,0.63,0.7081632653061225,0.7551020408163265
WTA,35,3724,0.65,0.00013,320,0.7432712215320911,0.7412008281573499,0.7784679089026915,0.5347332617475401,0.5331842503673999,0.4452868413987479,0.65,0.711340206185567,0.7381443298969073
ATP,40,4172,0.65,0.00018,320,0.7633744855967078,0.7695473251028807,0.7901234567901234,0.4192019228431846,0.414506529977548,0.3455654775371244,0.65,0.7224489795918367,0.7571428571428571
WTA,40,3724,0.65,0.00013,320,0.7619047619047619,0.7598343685300207,0.7846790890269151,0.5715633082546155,0.5686544820611641,0.4257939840028466,0.65,0.7298969072164948,0.7298969072164948
ATP,45,4172,0.65,0.00018,320,0.7839506172839507,0.7921810699588477,0.8004115226337448,0.4040872840157062,0.3972780234694794,0.3431239386942397,0.65,0.7551020408163265,0.7775510204081633
WTA,45,3724,0.59,9e-05,160,0.7805383022774327,0.7867494824016563,0.8115942028985508,0.5140943547368911,0.5091431993138051,0.4047674776706921,0.6,0.7711340206185567,0.7876288659793814
ATP,50,4172,0.59,0.00013,320,0.7839506172839507,0.7942386831275721,0.8168724279835391,0.3905565764746704,0.3835801246711808,0.3194544955007379,0.65,0.763265306122449,0.7795918367346939
WTA,50,3724,0.65,0.00013,80,0.7950310559006211,0.8074534161490683,0.8240165631469979,0.4589778627854078,0.4441518076057751,0.3503039345062987,0.6,0.7814432989690722,0.7835051546391752
ATP,55,4172,0.65,0.00018,320,0.8127572016460906,0.8189300411522634,0.8271604938271605,0.3661878634776122,0.3583961418670136,0.2895879585152029,0.65,0.773469387755102,0.7857142857142857
WTA,55,3724,0.59,9e-05,40,0.8343685300207039,0.8302277432712215,0.8530020703933747,0.5053194533061673,0.480814719028672,0.3090760456186153,0.6,0.8,0.8082474226804124
ATP,60,4172,0.65,0.00018,320,0.8333333333333334,0.8271604938271605,0.8477366255144033,0.3420134222083227,0.3345473450587587,0.2946570182113315,0.65,0.8081632653061225,0.8306122448979592
WTA,60,3724,0.65,0.00013,40,0.8405797101449275,0.8364389233954451,0.855072463768116,0.4675436476169436,0.4352414946721634,0.3054026985425211,0.65,0.8123711340206186,0.8329896907216495
ATP,65,4172,0.59,0.00013,160,0.8415637860082305,0.8395061728395061,0.8600823045267489,0.3498722550903521,0.3416061155626241,0.2466438467025172,0.65,0.8163265306122449,0.8510204081632653
WTA,65,3724,0.65,0.00013,40,0.8488612836438924,0.84472049689441,0.8530020703933747,0.3628686297746663,0.3220298979868033,0.258681014533865,0.65,0.8082474226804124,0.8536082474226804
ATP,70,4172,0.59,0.00013,160,0.845679012345679,0.8497942386831275,0.8683127572016461,0.2996934889324662,0.2867456084789506,0.212672320968054,0.6,0.8387755102040816,0.8469387755102041
WTA,70,3724,0.6,9e-05,40,0.8633540372670807,0.8509316770186336,0.8612836438923396,0.4161978938190503,0.3760307640114262,0.2301969281117703,0.6,0.8412371134020619,0.8494845360824742
ATP,75,4172,0.64,0.00018,80,0.8497942386831275,0.8724279835390947,0.8806584362139918,0.3193965293585428,0.2987605468328888,0.1862362976041084,0.65,0.8489795918367347,0.8816326530612245
WTA,75,3724,0.59,9e-05,40,0.8737060041407867,0.8695652173913043,0.8799171842650103,0.3493982657642599,0.3094680851559227,0.2113741414895732,0.6,0.8515463917525773,0.8536082474226804
ATP,80,4172,0.59,0.00013,80,0.8744855967078189,0.8909465020576132,0.8847736625514403,0.3843914325111135,0.3653114426436058,0.1869869002850694,0.6,0.8653061224489796,0.8938775510204081
WTA,80,3724,0.59,9e-05,40,0.8944099378881988,0.8964803312629399,0.9006211180124224,0.3055900248551413,0.2616440459311724,0.1691463012273664,0.64,0.8886597938144329,0.9051546391752577
ATP,85,4172,0.59,0.00018,80,0.8806584362139918,0.9135802469135802,0.911522633744856,0.2368988208140604,0.2206970340025423,0.1370549315286388,0.6,0.9040816326530612,0.9224489795918367
WTA,85,3724,0.64,0.00013,40,0.9151138716356108,0.9151138716356108,0.9151138716356108,0.2590090619116388,0.2165375033814053,0.1342625740632087,0.65,0.9175257731958762,0.9154639175257732
ATP,90,4172,0.65,0.00022,80,0.9218106995884774,0.9526748971193416,0.948559670781893,0.1684972009092828,0.1582069248910733,0.0853245042746628,0.65,0.9571428571428572,0.9530612244897959
WTA,90,3724,0.65,0.00013,40,0.9648033126293996,0.9606625258799172,0.958592132505176,0.1933740165196251,0.1608410349550005,0.1210164175876569,0.65,0.9628865979381444,0.9567010309278351
ATP,95,4172,0.65,0.00022,80,0.9506172839506172,0.9670781893004116,0.9609053497942388,0.1317107105742847,0.1269113639992734,0.0688512072597193,0.65,0.9653061224489796,0.9612244897959183
WTA,95,3724,0.65,0.00013,40,0.968944099378882,0.9772256728778468,0.9751552795031057,0.1318954252112636,0.1074035514697384,0.0580958099144523,0.65,0.9752577319587629,0.9670103092783505
ATP,100,4172,0.59,4e-05,40,1.0,1.0,1.0,1.000000500029089e-06,1.000000500029089e-06,0.0001460487062473,0.6,1.0,1.0
WTA,100,3724,0.59,4e-05,40,1.0,1.0,1.0,1.000000500029089e-06,1.000000500029089e-06,0.0001638792424004,0.6,1.0,1.0
