model,evaluation,accuracy,logloss,source
Symmetric Markov,25%,0.6851,0.6292,"Supplied paper, Tables 4 and 5"
Symmetric Markov,50%,0.7703,0.5363,"Supplied paper, Tables 4 and 5"
Symmetric Markov,75%,0.8544,0.3498,"Supplied paper, Tables 4 and 5"
Symmetric Markov,all_points,0.7321,,"Supplied paper, Table 4"
Elo-asymmetric Markov,25%,0.7575,0.5210,"Supplied paper, Tables 4 and 5"
Elo-asymmetric Markov,50%,0.8050,0.4549,"Supplied paper, Tables 4 and 5"
Elo-asymmetric Markov,75%,0.8648,0.3096,"Supplied paper, Tables 4 and 5"
Elo-asymmetric Markov,all_points,0.7756,,"Supplied paper, Table 4"
Serve-shrink Markov,25%,0.7564,0.5142,"Supplied paper, Tables 4 and 5"
Serve-shrink Markov,50%,0.7946,0.4266,"Supplied paper, Tables 4 and 5"
Serve-shrink Markov,75%,0.8720,0.2842,"Supplied paper, Tables 4 and 5"
Serve-shrink Markov,all_points,0.7768,,"Supplied paper, Table 4"
HGBM,25%,0.6944,0.5376,"Supplied paper, Tables 4 and 5"
HGBM,50%,0.7918,0.3788,"Supplied paper, Tables 4 and 5"
HGBM,75%,0.8738,0.2299,"Supplied paper, Tables 4 and 5"
HGBM,all_points,0.7398,,"Supplied paper, Table 4"
Trace,25%,0.7606,0.4753,"Supplied paper, Tables 4 and 5"
Trace,50%,0.8215,0.3530,"Supplied paper, Tables 4 and 5"
Trace,75%,0.8834,0.2002,"Supplied paper, Tables 4 and 5"
Trace,all_points,0.7784,,"Supplied paper, Table 4"
